{"mean_discriminator_loss": 0.4357557535171509, "_timestamp": 1702758830.3274941, "_runtime": 1070.0505661964417, "_step": 707, "mean_generator_loss": 0.6411151796579362, "agg_loss": 0.5384354665875435, "_wandb": {"runtime": 1069}}