{"mean_discriminator_loss": 0.7335483883989269, "_timestamp": 1702765026.1464887, "_runtime": 553.7486717700958, "_step": 347, "mean_generator_loss": 0.7553821601744356, "agg_loss": 0.7444652742866813}