{"mean_discriminator_loss": 0.6572300493717194, "_timestamp": 1702761011.3173084, "_runtime": 1071.0506234169006, "_step": 707, "mean_generator_loss": 0.758399164525129, "agg_loss": 0.7078146069484241, "_wandb": {"runtime": 1070}}