{"mean_discriminator_loss": 0.32157292664051057, "_timestamp": 1702742137.3331146, "_runtime": 2796.101900577545, "_step": 1769, "mean_generator_loss": 0.35220493376255035, "agg_loss": 0.33688893020153043, "_wandb": {"runtime": 2795}}