{"mean_discriminator_loss": 0.9284745633602143, "_timestamp": 1702754457.5002987, "_runtime": 1323.8021247386932, "_step": 836, "mean_generator_loss": 1.0054002046585084, "agg_loss": 0.9669373840093614}