{"mean_discriminator_loss": 0.7384427977670537, "_timestamp": 1702763161.706399, "_runtime": 961.0459160804749, "_step": 605, "mean_generator_loss": 0.7525353833000259, "agg_loss": 0.7454890905335398}