{"mean_discriminator_loss": 2.3574351035744137, "_timestamp": 1702765021.1570966, "_runtime": 1230.1029465198517, "_step": 488, "mean_generator_loss": 2.4526505616544947, "agg_loss": 2.405042832614454}